{
  "experiment_name": "dqn_raw_CartPole_v1",
  "timestamp": "2026-04-01T16:27:53.503887",
  "total_episodes": 50,
  "best_eval_reward": 58.0,
  "best_episode": 25,
  "episode_rewards": [
    28.0,
    10.0,
    20.0,
    10.0,
    27.0,
    34.0,
    18.0,
    56.0,
    19.0,
    17.0,
    47.0,
    12.0,
    19.0,
    10.0,
    25.0,
    10.0,
    49.0,
    16.0,
    12.0,
    69.0,
    48.0,
    13.0,
    35.0,
    14.0,
    13.0,
    18.0,
    20.0,
    37.0,
    49.0,
    35.0,
    11.0,
    37.0,
    19.0,
    13.0,
    53.0,
    18.0,
    17.0,
    32.0,
    37.0,
    25.0,
    35.0,
    13.0,
    11.0,
    20.0,
    15.0,
    16.0,
    13.0,
    80.0,
    25.0,
    15.0
  ],
  "episode_lengths": [
    28,
    10,
    20,
    10,
    27,
    34,
    18,
    56,
    19,
    17,
    47,
    12,
    19,
    10,
    25,
    10,
    49,
    16,
    12,
    69,
    48,
    13,
    35,
    14,
    13,
    18,
    20,
    37,
    49,
    35,
    11,
    37,
    19,
    13,
    53,
    18,
    17,
    32,
    37,
    25,
    35,
    13,
    11,
    20,
    15,
    16,
    13,
    80,
    25,
    15
  ],
  "losses": [
    0.0,
    0.0,
    0.0,
    0.27501108050346373,
    0.07454839610943088,
    0.04906374983051244,
    0.06110921947078572,
    0.03371563649436991,
    0.03161359044085992,
    0.032816143158604115,
    0.03750992171030412,
    0.040537057599673666,
    0.04967152381217793,
    0.04507038742303848,
    0.06608991701155902,
    0.06172362957149744,
    0.0850511135305373,
    0.09734601562377065,
    0.09817560824255149,
    0.0917671478043,
    0.08055099161962669,
    0.08986985998658034,
    0.08356860083128725,
    0.10906922261762832,
    0.08096433574190506,
    0.05573540925979614,
    0.09099293979816139,
    0.11429520817221822,
    0.08177691836822398,
    0.07514393329620361,
    0.06705025414174254,
    0.08457924853506926,
    0.060490998194405905,
    0.055112276799403705,
    0.056667920658892056,
    0.06259072903129789,
    0.05714461360784138,
    0.058071421924978495,
    0.05846531377048106,
    0.06453440530225635,
    0.049261654753770145,
    0.03452264130688631,
    0.045208851637488064,
    0.06614697938784957,
    0.06114892636736234,
    0.04833468212746084,
    0.06330598432284135,
    0.05104621071368456,
    0.07078976824879646,
    0.08435377329587937
  ],
  "epsilons": [
    0.995,
    0.990025,
    0.985074875,
    0.9801495006250001,
    0.9752487531218751,
    0.9703725093562657,
    0.9655206468094844,
    0.960693043575437,
    0.9558895783575597,
    0.9511101304657719,
    0.946354579813443,
    0.9416228069143757,
    0.9369146928798039,
    0.9322301194154049,
    0.9275689688183278,
    0.9229311239742362,
    0.918316468354365,
    0.9137248860125932,
    0.9091562615825302,
    0.9046104802746175,
    0.9000874278732445,
    0.8955869907338783,
    0.8911090557802088,
    0.8866535105013078,
    0.8822202429488013,
    0.8778091417340573,
    0.8734200960253871,
    0.8690529955452602,
    0.8647077305675338,
    0.8603841919146962,
    0.8560822709551227,
    0.851801859600347,
    0.8475428503023453,
    0.8433051360508336,
    0.8390886103705794,
    0.8348931673187264,
    0.8307187014821328,
    0.8265651079747222,
    0.8224322824348486,
    0.8183201210226743,
    0.8142285204175609,
    0.810157377815473,
    0.8061065909263957,
    0.8020760579717637,
    0.798065677681905,
    0.7940753492934954,
    0.7901049725470279,
    0.7861544476842928,
    0.7822236754458713,
    0.778312557068642
  ],
  "eval_rewards": [
    {
      "episode": 25,
      "mean": 58.0,
      "std": 0.0,
      "min": 58.0,
      "max": 58.0
    },
    {
      "episode": 50,
      "mean": 49.0,
      "std": 0.0,
      "min": 49.0,
      "max": 49.0
    }
  ],
  "custom_metrics": {}
}