{
  "experiment_name": "dqn_autoencoder_CartPole_v1",
  "timestamp": "2026-04-01T16:30:42.420063",
  "total_episodes": 50,
  "best_eval_reward": 47.0,
  "best_episode": 25,
  "episode_rewards": [
    28.0,
    10.0,
    20.0,
    10.0,
    27.0,
    34.0,
    18.0,
    18.0,
    43.0,
    34.0,
    21.0,
    16.0,
    10.0,
    25.0,
    10.0,
    10.0,
    19.0,
    10.0,
    49.0,
    24.0,
    17.0,
    33.0,
    25.0,
    35.0,
    60.0,
    11.0,
    57.0,
    31.0,
    44.0,
    16.0,
    31.0,
    16.0,
    62.0,
    17.0,
    32.0,
    47.0,
    22.0,
    15.0,
    20.0,
    16.0,
    14.0,
    27.0,
    13.0,
    10.0,
    21.0,
    14.0,
    35.0,
    25.0,
    16.0,
    29.0
  ],
  "episode_lengths": [
    28,
    10,
    20,
    10,
    27,
    34,
    18,
    18,
    43,
    34,
    21,
    16,
    10,
    25,
    10,
    10,
    19,
    10,
    49,
    24,
    17,
    33,
    25,
    35,
    60,
    11,
    57,
    31,
    44,
    16,
    31,
    16,
    62,
    17,
    32,
    47,
    22,
    15,
    20,
    16,
    14,
    27,
    13,
    10,
    21,
    14,
    35,
    25,
    16,
    29
  ],
  "losses": [
    0.0,
    0.0,
    0.0,
    0.4652922749519348,
    0.10862302925023767,
    0.04142821519909536,
    0.02696532466345363,
    0.02146915594736735,
    0.019288782582639954,
    0.021098791073788616,
    0.01300631942493575,
    0.01359691415564157,
    0.009052907675504684,
    0.01788683909922838,
    0.020880538038909435,
    0.018353194836527108,
    0.025613902773904174,
    0.017776081152260304,
    0.027171062343582814,
    0.042403142511223756,
    0.043065226198557544,
    0.039914091766783684,
    0.04221238616853953,
    0.038084834494761056,
    0.03885677823175986,
    0.05190009505233981,
    0.03631022139534093,
    0.0394585779717853,
    0.04172399701465937,
    0.03433770622359589,
    0.0513096850125059,
    0.057939876918680966,
    0.06577970270788477,
    0.050179572118555796,
    0.05194604117423296,
    0.06332370757739594,
    0.07247671230950138,
    0.060970507313807806,
    0.04423835901543498,
    0.08881761878728867,
    0.05399919593972819,
    0.06241758892105685,
    0.05970813770993398,
    0.06450044494122267,
    0.08124843638922487,
    0.0618094014269965,
    0.08698725471539157,
    0.07138210237026214,
    0.0798137515084818,
    0.10960855758909521
  ],
  "epsilons": [
    0.995,
    0.990025,
    0.985074875,
    0.9801495006250001,
    0.9752487531218751,
    0.9703725093562657,
    0.9655206468094844,
    0.960693043575437,
    0.9558895783575597,
    0.9511101304657719,
    0.946354579813443,
    0.9416228069143757,
    0.9369146928798039,
    0.9322301194154049,
    0.9275689688183278,
    0.9229311239742362,
    0.918316468354365,
    0.9137248860125932,
    0.9091562615825302,
    0.9046104802746175,
    0.9000874278732445,
    0.8955869907338783,
    0.8911090557802088,
    0.8866535105013078,
    0.8822202429488013,
    0.8778091417340573,
    0.8734200960253871,
    0.8690529955452602,
    0.8647077305675338,
    0.8603841919146962,
    0.8560822709551227,
    0.851801859600347,
    0.8475428503023453,
    0.8433051360508336,
    0.8390886103705794,
    0.8348931673187264,
    0.8307187014821328,
    0.8265651079747222,
    0.8224322824348486,
    0.8183201210226743,
    0.8142285204175609,
    0.810157377815473,
    0.8061065909263957,
    0.8020760579717637,
    0.798065677681905,
    0.7940753492934954,
    0.7901049725470279,
    0.7861544476842928,
    0.7822236754458713,
    0.778312557068642
  ],
  "eval_rewards": [
    {
      "episode": 25,
      "mean": 47.0,
      "std": 0.0,
      "min": 47.0,
      "max": 47.0
    },
    {
      "episode": 50,
      "mean": 37.0,
      "std": 0.0,
      "min": 37.0,
      "max": 37.0
    }
  ],
  "custom_metrics": {}
}